0,1,2,category,prevalence
raw_beef,bacon,102,meat,9.546083719154218e-05
bacon,raw_beef,102,meat,0.10290678249248246
raw_beef,pork_sausage,101,meat,9.546083719154218e-05
pork_sausage,raw_beef,101,meat,0.06500883012744021
raw_beef,roasted_beef,199,meat,9.546083719154218e-05
roasted_beef,raw_beef,199,meat,0.010596152928261183
raw_beef,cured_pork,103,meat,9.546083719154218e-05
cured_pork,raw_beef,103,meat,0.014987351439072122
raw_beef,beef,199,meat,9.546083719154218e-05
beef,raw_beef,199,meat,0.23015607846880817
raw_beef,roasted_pork,100,meat,9.546083719154218e-05
roasted_pork,raw_beef,100,meat,0.005966302324471386
raw_beef,coffee,102,meat,9.546083719154218e-05
coffee,raw_beef,102,plant derivative,0.0341749797145721
raw_beef,peanut_butter,99,meat,9.546083719154218e-05
peanut_butter,raw_beef,99,plant derivative,0.04749176650279223
raw_beef,chicken,98,meat,9.546083719154218e-05
chicken,raw_beef,98,meat,0.2526848360460121
raw_beef,beer,102,meat,9.546083719154218e-05
beer,raw_beef,102,alcoholic beverage,0.01446231683451864
raw_beef,roasted_peanut,99,meat,9.546083719154218e-05
roasted_peanut,raw_beef,99,nut/seed/pulse,0.00787551906830223
raw_beef,soybean,96,meat,9.546083719154218e-05
soybean,raw_beef,96,vegetable,0.04935325282802731
raw_beef,onion,30,meat,9.546083719154218e-05
onion,raw_beef,30,vegetable,0.8606271777003485
raw_beef,peanut,72,meat,9.546083719154218e-05
peanut,raw_beef,72,nut/seed/pulse,0.021621879623884302
raw_beef,baked_potato,78,meat,9.546083719154218e-05
baked_potato,raw_beef,78,vegetable,0.00042957376736193977
raw_beef,lamb,58,meat,9.546083719154218e-05
lamb,raw_beef,58,meat,0.022528757577203955
raw_beef,pork_liver,16,meat,9.546083719154218e-05
pork_liver,raw_beef,16,meat,0.00023865209297885541
raw_beef,pork,97,meat,9.546083719154218e-05
pork,raw_beef,97,meat,0.09374254212209442
raw_beef,caviar,18,meat,9.546083719154218e-05
caviar,raw_beef,18,fish/seafood,0.0012409908834900485
bacon,pork_sausage,119,meat,0.10290678249248246
pork_sausage,bacon,119,meat,0.06500883012744021
bacon,roasted_beef,102,meat,0.10290678249248246
roasted_beef,bacon,102,meat,0.010596152928261183
bacon,pork,115,meat,0.10290678249248246
pork,bacon,115,meat,0.09374254212209442
bacon,cured_pork,115,meat,0.10290678249248246
cured_pork,bacon,115,meat,0.014987351439072122
bacon,roasted_pork,115,meat,0.10290678249248246
roasted_pork,bacon,115,meat,0.005966302324471386
bacon,beef,102,meat,0.10290678249248246
beef,bacon,102,meat,0.23015607846880817
bacon,chicken,84,meat,0.10290678249248246
chicken,bacon,84,meat,0.2526848360460121
pork_sausage,beef,101,meat,0.06500883012744021
beef,pork_sausage,101,meat,0.23015607846880817
pork_sausage,pork,115,meat,0.06500883012744021
pork,pork_sausage,115,meat,0.09374254212209442
pork_sausage,chicken,84,meat,0.06500883012744021
chicken,pork_sausage,84,meat,0.2526848360460121
pork_sausage,cured_pork,115,meat,0.06500883012744021
cured_pork,pork_sausage,115,meat,0.014987351439072122
pork_sausage,roasted_beef,101,meat,0.06500883012744021
roasted_beef,pork_sausage,101,meat,0.010596152928261183
pork_sausage,roasted_pork,115,meat,0.06500883012744021
roasted_pork,pork_sausage,115,meat,0.005966302324471386
roasted_beef,soybean,100,meat,0.010596152928261183
soybean,roasted_beef,100,vegetable,0.04935325282802731
roasted_beef,egg,42,meat,0.010596152928261183
egg,roasted_beef,42,animal product,1.0
roasted_beef,onion,32,meat,0.010596152928261183
onion,roasted_beef,32,vegetable,0.8606271777003485
roasted_beef,peanut,74,meat,0.010596152928261183
peanut,roasted_beef,74,nut/seed/pulse,0.021621879623884302
roasted_beef,baked_potato,79,meat,0.010596152928261183
baked_potato,roasted_beef,79,vegetable,0.00042957376736193977
roasted_beef,beer,106,meat,0.010596152928261183
beer,roasted_beef,106,alcoholic beverage,0.01446231683451864
roasted_beef,coffee,105,meat,0.010596152928261183
coffee,roasted_beef,105,plant derivative,0.0341749797145721
roasted_beef,cured_pork,105,meat,0.010596152928261183
cured_pork,roasted_beef,105,meat,0.014987351439072122
roasted_beef,peanut_butter,105,meat,0.010596152928261183
peanut_butter,roasted_beef,105,plant derivative,0.04749176650279223
roasted_beef,roasted_pork,100,meat,0.010596152928261183
roasted_pork,roasted_beef,100,meat,0.005966302324471386
roasted_beef,beef,199,meat,0.010596152928261183
beef,roasted_beef,199,meat,0.23015607846880817
roasted_beef,roasted_peanut,105,meat,0.010596152928261183
roasted_peanut,roasted_beef,105,nut/seed/pulse,0.00787551906830223
roasted_beef,butter,81,meat,0.010596152928261183
butter,roasted_beef,81,dairy,0.9901198033506754
roasted_beef,sturgeon_caviar,19,meat,0.010596152928261183
sturgeon_caviar,roasted_beef,19,fish/seafood,4.773041859577109e-05
roasted_beef,potato_chip,24,meat,0.010596152928261183
potato_chip,roasted_beef,24,vegetable,0.0031024772087251207
roasted_beef,potato,66,meat,0.010596152928261183
potato,roasted_beef,66,vegetable,0.1692043339220085
roasted_beef,lamb,58,meat,0.010596152928261183
lamb,roasted_beef,58,meat,0.022528757577203955
roasted_beef,milk,77,meat,0.010596152928261183
milk,roasted_beef,77,dairy,0.6154837477924682
roasted_beef,pork_liver,16,meat,0.010596152928261183
pork_liver,roasted_beef,16,meat,0.00023865209297885541
roasted_beef,pork,97,meat,0.010596152928261183
pork,roasted_beef,97,meat,0.09374254212209442
roasted_beef,garlic,11,meat,0.010596152928261183
garlic,roasted_beef,11,vegetable,0.806309961338361
roasted_beef,shallot,10,meat,0.010596152928261183
shallot,roasted_beef,10,vegetable,0.05665600687318028
roasted_beef,chicken,99,meat,0.010596152928261183
chicken,roasted_beef,99,meat,0.2526848360460121
roasted_beef,caviar,18,meat,0.010596152928261183
caviar,roasted_beef,18,fish/seafood,0.0012409908834900485
cured_pork,pork,115,meat,0.014987351439072122
pork,cured_pork,115,meat,0.09374254212209442
cured_pork,roasted_pork,115,meat,0.014987351439072122
roasted_pork,cured_pork,115,meat,0.005966302324471386
cured_pork,beef,103,meat,0.014987351439072122
beef,cured_pork,103,meat,0.23015607846880817
cured_pork,chicken,83,meat,0.014987351439072122
chicken,cured_pork,83,meat,0.2526848360460121
beef,soybean,96,meat,0.23015607846880817
soybean,beef,96,vegetable,0.04935325282802731
beef,onion,30,meat,0.23015607846880817
onion,beef,30,vegetable,0.8606271777003485
beef,peanut,72,meat,0.23015607846880817
peanut,beef,72,nut/seed/pulse,0.021621879623884302
beef,baked_potato,78,meat,0.23015607846880817
baked_potato,beef,78,vegetable,0.00042957376736193977
beef,lamb,58,meat,0.23015607846880817
lamb,beef,58,meat,0.022528757577203955
beef,coffee,102,meat,0.23015607846880817
coffee,beef,102,plant derivative,0.0341749797145721
beef,pork_liver,16,meat,0.23015607846880817
pork_liver,beef,16,meat,0.00023865209297885541
beef,pork,97,meat,0.23015607846880817
pork,beef,97,meat,0.09374254212209442
beef,beer,102,meat,0.23015607846880817
beer,beef,102,alcoholic beverage,0.01446231683451864
beef,roasted_pork,100,meat,0.23015607846880817
roasted_pork,beef,100,meat,0.005966302324471386
beef,roasted_peanut,99,meat,0.23015607846880817
roasted_peanut,beef,99,nut/seed/pulse,0.00787551906830223
beef,peanut_butter,99,meat,0.23015607846880817
peanut_butter,beef,99,plant derivative,0.04749176650279223
beef,chicken,98,meat,0.23015607846880817
chicken,beef,98,meat,0.2526848360460121
beef,caviar,18,meat,0.23015607846880817
caviar,beef,18,fish/seafood,0.0012409908834900485
roasted_pork,pork,115,meat,0.005966302324471386
pork,roasted_pork,115,meat,0.09374254212209442
roasted_pork,chicken,81,meat,0.005966302324471386
chicken,roasted_pork,81,meat,0.2526848360460121
coffee,katsuobushi,32,plant derivative,0.0341749797145721
katsuobushi,coffee,32,fish/seafood,0.0023387905111927833
coffee,popcorn,25,plant derivative,0.0341749797145721
popcorn,coffee,25,cereal/crop,0.0046298506037897955
coffee,okra,21,plant derivative,0.0341749797145721
okra,coffee,21,fruit,0.004773041859577109
coffee,wood,5,plant derivative,0.0341749797145721
wood,coffee,5,plant,0.0015751038136604459
coffee,green_tea,93,plant derivative,0.0341749797145721
green_tea,coffee,93,plant derivative,0.0015273733950646748
coffee,jasmine_tea,86,plant derivative,0.0341749797145721
jasmine_tea,coffee,86,plant derivative,4.773041859577109e-05
coffee,black_tea,102,plant derivative,0.0341749797145721
black_tea,coffee,102,plant derivative,0.0018137559066393012
coffee,cocoa,95,plant derivative,0.0341749797145721
cocoa,coffee,95,plant derivative,0.229153739678297
coffee,roasted_peanut,86,plant derivative,0.0341749797145721
roasted_peanut,coffee,86,nut/seed/pulse,0.00787551906830223
coffee,peanut_butter,86,plant derivative,0.0341749797145721
peanut_butter,coffee,86,plant derivative,0.04749176650279223
coffee,tea,86,plant derivative,0.0341749797145721
tea,coffee,86,plant derivative,0.00482077227817288
coffee,beer,101,plant derivative,0.0341749797145721
beer,coffee,101,alcoholic beverage,0.01446231683451864
coffee,pork_liver,21,plant derivative,0.0341749797145721
pork_liver,coffee,21,meat,0.00023865209297885541
coffee,squid,17,plant derivative,0.0341749797145721
squid,coffee,17,fish/seafood,0.010882535439835807
peanut_butter,popcorn,23,plant derivative,0.04749176650279223
popcorn,peanut_butter,23,cereal/crop,0.0046298506037897955
peanut_butter,peanut,97,plant derivative,0.04749176650279223
peanut,peanut_butter,97,nut/seed/pulse,0.021621879623884302
peanut_butter,potato_chip,23,plant derivative,0.04749176650279223
potato_chip,peanut_butter,23,vegetable,0.0031024772087251207
peanut_butter,pork_liver,15,plant derivative,0.04749176650279223
pork_liver,peanut_butter,15,meat,0.00023865209297885541
peanut_butter,roasted_peanut,144,plant derivative,0.04749176650279223
roasted_peanut,peanut_butter,144,nut/seed/pulse,0.00787551906830223
peanut_butter,soybean,88,plant derivative,0.04749176650279223
soybean,peanut_butter,88,vegetable,0.04935325282802731
chicken,pork,80,meat,0.2526848360460121
pork,chicken,80,meat,0.09374254212209442
beer,gruyere_cheese,101,alcoholic beverage,0.01446231683451864
gruyere_cheese,beer,101,dairy,0.0021001384182139276
beer,wine,86,alcoholic beverage,0.01446231683451864
wine,beer,86,alcoholic beverage,0.041859577108491246
beer,katsuobushi,23,alcoholic beverage,0.01446231683451864
katsuobushi,beer,23,fish/seafood,0.0023387905111927833
beer,cognac,99,alcoholic beverage,0.01446231683451864
cognac,beer,99,alcoholic beverage,0.0031502076273208918
beer,sherry,103,alcoholic beverage,0.01446231683451864
sherry,beer,103,alcoholic beverage,0.030070163715335788
beer,rum,103,alcoholic beverage,0.01446231683451864
rum,beer,103,alcoholic beverage,0.028733711994654198
beer,white_wine,118,alcoholic beverage,0.01446231683451864
white_wine,beer,118,alcoholic beverage,0.10338408667844018
beer,blue_cheese,102,alcoholic beverage,0.01446231683451864
blue_cheese,beer,102,dairy,0.01885351534532958
beer,swiss_cheese,95,alcoholic beverage,0.01446231683451864
swiss_cheese,beer,95,dairy,0.02491527850699251
beer,whiskey,70,alcoholic beverage,0.01446231683451864
whiskey,beer,70,alcoholic beverage,0.007064101952174121
beer,milk,78,alcoholic beverage,0.01446231683451864
milk,beer,78,dairy,0.6154837477924682
beer,cocoa,94,alcoholic beverage,0.01446231683451864
cocoa,beer,94,plant derivative,0.229153739678297
beer,pork_liver,14,alcoholic beverage,0.01446231683451864
pork_liver,beer,14,meat,0.00023865209297885541
beer,red_wine,106,alcoholic beverage,0.01446231683451864
red_wine,beer,106,alcoholic beverage,0.06648847310390912
beer,cabernet_sauvignon_wine,107,alcoholic beverage,0.01446231683451864
cabernet_sauvignon_wine,beer,107,alcoholic beverage,0.0008114171161281085
beer,jamaican_rum,104,alcoholic beverage,0.01446231683451864
jamaican_rum,beer,104,alcoholic beverage,4.773041859577109e-05
beer,malt,60,alcoholic beverage,0.01446231683451864
malt,beer,60,cereal/crop,0.0017660254880435303
beer,hop,62,alcoholic beverage,0.01446231683451864
hop,beer,62,cereal/crop,0.00014319125578731326
beer,port_wine,90,alcoholic beverage,0.01446231683451864
port_wine,beer,90,alcoholic beverage,0.0023387905111927833
beer,apple,91,alcoholic beverage,0.01446231683451864
apple,beer,91,fruit,0.1154121521645745
beer,cider,50,alcoholic beverage,0.01446231683451864
cider,beer,50,alcoholic beverage,0.05345806882726362
beer,champagne_wine,86,alcoholic beverage,0.01446231683451864
champagne_wine,beer,86,alcoholic beverage,0.004725311440981338
beer,cheddar_cheese,97,alcoholic beverage,0.01446231683451864
cheddar_cheese,beer,97,dairy,0.1445754379265906
roasted_peanut,popcorn,23,nut/seed/pulse,0.00787551906830223
popcorn,roasted_peanut,23,cereal/crop,0.0046298506037897955
roasted_peanut,peanut,97,nut/seed/pulse,0.00787551906830223
peanut,roasted_peanut,97,nut/seed/pulse,0.021621879623884302
roasted_peanut,potato_chip,23,nut/seed/pulse,0.00787551906830223
potato_chip,roasted_peanut,23,vegetable,0.0031024772087251207
roasted_peanut,pork_liver,15,nut/seed/pulse,0.00787551906830223
pork_liver,roasted_peanut,15,meat,0.00023865209297885541
roasted_peanut,soybean,88,nut/seed/pulse,0.00787551906830223
soybean,roasted_peanut,88,vegetable,0.04935325282802731
soybean,black_tea,96,vegetable,0.04935325282802731
black_tea,soybean,96,plant derivative,0.0018137559066393012
soybean,okra,18,vegetable,0.04935325282802731
okra,soybean,18,fruit,0.004773041859577109
soybean,red_bean,86,vegetable,0.04935325282802731
red_bean,soybean,86,vegetable,0.0015751038136604459
soybean,mung_bean,86,vegetable,0.04935325282802731
mung_bean,soybean,86,vegetable,0.0009068779533196506
soybean,bean,86,vegetable,0.04935325282802731
bean,soybean,86,vegetable,0.09083098658775238
soybean,kidney_bean,86,vegetable,0.04935325282802731
kidney_bean,soybean,86,vegetable,0.02109684501933082
soybean,lima_bean,86,vegetable,0.04935325282802731
lima_bean,soybean,86,vegetable,0.0071118323707698924
soybean,black_bean,86,vegetable,0.04935325282802731
black_bean,soybean,86,vegetable,0.022624218414395495
soybean,red_kidney_bean,86,vegetable,0.04935325282802731
red_kidney_bean,soybean,86,vegetable,0.0028160946971504943
black_tea,katsuobushi,26,plant derivative,0.0018137559066393012
katsuobushi,black_tea,26,fish/seafood,0.0023387905111927833
black_tea,peppermint_oil,21,plant derivative,0.0018137559066393012
peppermint_oil,black_tea,21,plant derivative,0.00042957376736193977
black_tea,green_tea,177,plant derivative,0.0018137559066393012
green_tea,black_tea,177,plant derivative,0.0015273733950646748
black_tea,rum,88,plant derivative,0.0018137559066393012
rum,black_tea,88,alcoholic beverage,0.028733711994654198
black_tea,okra,18,plant derivative,0.0018137559066393012
okra,black_tea,18,fruit,0.004773041859577109
black_tea,tea,171,plant derivative,0.0018137559066393012
tea,black_tea,171,plant derivative,0.00482077227817288
black_tea,jasmine_tea,172,plant derivative,0.0018137559066393012
jasmine_tea,black_tea,172,plant derivative,4.773041859577109e-05
black_tea,white_wine,98,plant derivative,0.0018137559066393012
white_wine,black_tea,98,alcoholic beverage,0.10338408667844018
black_tea,vanilla,45,plant derivative,0.0018137559066393012
vanilla,black_tea,45,spice,0.43076702782683407
black_tea,thyme,17,plant derivative,0.0018137559066393012
thyme,black_tea,17,herb,0.14514820294973987
black_tea,peppermint,33,plant derivative,0.0018137559066393012
peppermint,black_tea,33,herb,0.006777719440599495
black_tea,bell_pepper,41,plant derivative,0.0018137559066393012
bell_pepper,black_tea,41,vegetable,0.27907975752947356
black_tea,spearmint,23,plant derivative,0.0018137559066393012
spearmint,black_tea,23,herb,0.00023865209297885541
black_tea,cocoa,85,plant derivative,0.0018137559066393012
cocoa,black_tea,85,plant derivative,0.229153739678297
black_tea,lingonberry,11,plant derivative,0.0018137559066393012
lingonberry,black_tea,11,fruit,0.00042957376736193977
black_tea,mango,79,plant derivative,0.0018137559066393012
mango,black_tea,79,fruit,0.018519402415159182
black_tea,geranium,11,plant derivative,0.0018137559066393012
geranium,black_tea,11,flower,4.773041859577109e-05
black_tea,basil,11,plant derivative,0.0018137559066393012
basil,black_tea,11,herb,0.18037325187341893
black_tea,lemon_peel,8,plant derivative,0.0018137559066393012
lemon_peel,black_tea,8,plant,0.034127249295976325
black_tea,passion_fruit,72,plant derivative,0.0018137559066393012
passion_fruit,black_tea,72,fruit,0.0009546083719154217
black_tea,guava,82,plant derivative,0.0018137559066393012
guava,black_tea,82,fruit,0.0006204954417450242
black_tea,citrus_peel,33,plant derivative,0.0018137559066393012
citrus_peel,black_tea,33,plant,0.00019092167438308435
black_tea,jamaican_rum,89,plant derivative,0.0018137559066393012
jamaican_rum,black_tea,89,alcoholic beverage,4.773041859577109e-05
black_tea,strawberry_jam,17,plant derivative,0.0018137559066393012
strawberry_jam,black_tea,17,fruit,4.773041859577109e-05
black_tea,raspberry,81,plant derivative,0.0018137559066393012
raspberry,black_tea,81,fruit,0.03742064817908453
black_tea,mint,24,plant derivative,0.0018137559066393012
mint,black_tea,24,herb,0.04448475013125865
black_tea,tomato,84,plant derivative,0.0018137559066393012
tomato,black_tea,84,vegetable,0.4729607178654957
black_tea,jasmine,10,plant derivative,0.0018137559066393012
jasmine,black_tea,10,flower,0.00033411293017039764
black_tea,japanese_plum,7,plant derivative,0.0018137559066393012
japanese_plum,black_tea,7,fruit,0.0006204954417450242
black_pepper,cayenne,36,spice,0.4654670421459597
cayenne,black_pepper,36,spice,0.3794568278363802
black_pepper,green_bell_pepper,36,spice,0.4654670421459597
green_bell_pepper,black_pepper,36,vegetable,0.12304901913989787
black_pepper,thai_pepper,36,spice,0.4654670421459597
thai_pepper,black_pepper,36,spice,0.004152546417832085
black_pepper,pepper,36,spice,0.4654670421459597
pepper,black_pepper,36,spice,0.43243759247768604
black_pepper,bell_pepper,36,spice,0.4654670421459597
bell_pepper,black_pepper,36,vegetable,0.27907975752947356
black_pepper,tabasco_pepper,36,spice,0.4654670421459597
tabasco_pepper,black_pepper,36,spice,0.0460598539449191
cayenne,bell_pepper,36,spice,0.3794568278363802
bell_pepper,cayenne,36,vegetable,0.27907975752947356
cayenne,pepper,36,spice,0.3794568278363802
pepper,cayenne,36,spice,0.43243759247768604
cayenne,tabasco_pepper,36,spice,0.3794568278363802
tabasco_pepper,cayenne,36,spice,0.0460598539449191
cayenne,thai_pepper,36,spice,0.3794568278363802
thai_pepper,cayenne,36,spice,0.004152546417832085
cayenne,green_bell_pepper,36,spice,0.3794568278363802
green_bell_pepper,cayenne,36,vegetable,0.12304901913989787
green_bell_pepper,pepper,36,vegetable,0.12304901913989787
pepper,green_bell_pepper,36,spice,0.43243759247768604
green_bell_pepper,tabasco_pepper,36,vegetable,0.12304901913989787
tabasco_pepper,green_bell_pepper,36,spice,0.0460598539449191
green_bell_pepper,bell_pepper,36,vegetable,0.12304901913989787
bell_pepper,green_bell_pepper,36,vegetable,0.27907975752947356
green_bell_pepper,thai_pepper,36,vegetable,0.12304901913989787
thai_pepper,green_bell_pepper,36,spice,0.004152546417832085
thai_pepper,pepper,36,spice,0.004152546417832085
pepper,thai_pepper,36,spice,0.43243759247768604
thai_pepper,tabasco_pepper,38,spice,0.004152546417832085
tabasco_pepper,thai_pepper,38,spice,0.0460598539449191
thai_pepper,bell_pepper,36,spice,0.004152546417832085
bell_pepper,thai_pepper,36,vegetable,0.27907975752947356
pepper,tabasco_pepper,36,spice,0.43243759247768604
tabasco_pepper,pepper,36,spice,0.0460598539449191
pepper,bell_pepper,36,spice,0.43243759247768604
bell_pepper,pepper,36,vegetable,0.27907975752947356
bell_pepper,tabasco_pepper,37,vegetable,0.27907975752947356
tabasco_pepper,bell_pepper,37,spice,0.0460598539449191
bell_pepper,mace,16,vegetable,0.27907975752947356
mace,bell_pepper,16,spice,0.0054889981385136755
gruyere_cheese,romano_cheese,128,dairy,0.0021001384182139276
romano_cheese,gruyere_cheese,128,dairy,0.01312586511383705
gruyere_cheese,roquefort_cheese,127,dairy,0.0021001384182139276
roquefort_cheese,gruyere_cheese,127,dairy,0.001097799627702735
gruyere_cheese,blue_cheese,131,dairy,0.0021001384182139276
blue_cheese,gruyere_cheese,131,dairy,0.01885351534532958
gruyere_cheese,feta_cheese,128,dairy,0.0021001384182139276
feta_cheese,gruyere_cheese,128,dairy,0.029640589947973847
gruyere_cheese,cheese,127,dairy,0.0021001384182139276
cheese,gruyere_cheese,127,dairy,0.1566512338313207
gruyere_cheese,parmesan_cheese,134,dairy,0.0021001384182139276
parmesan_cheese,gruyere_cheese,134,dairy,0.15116223569280704
gruyere_cheese,goat_cheese,127,dairy,0.0021001384182139276
goat_cheese,gruyere_cheese,127,dairy,0.012362178416304711
gruyere_cheese,emmental_cheese,127,dairy,0.0021001384182139276
emmental_cheese,gruyere_cheese,127,dairy,4.773041859577109e-05
gruyere_cheese,camembert_cheese,129,dairy,0.0021001384182139276
camembert_cheese,gruyere_cheese,129,dairy,0.0005727650231492531
gruyere_cheese,cheddar_cheese,128,dairy,0.0021001384182139276
cheddar_cheese,gruyere_cheese,128,dairy,0.1445754379265906
gruyere_cheese,swiss_cheese,131,dairy,0.0021001384182139276
swiss_cheese,gruyere_cheese,131,dairy,0.02491527850699251
gruyere_cheese,munster_cheese,127,dairy,0.0021001384182139276
munster_cheese,gruyere_cheese,127,dairy,0.0012887213020858195
gruyere_cheese,cream_cheese,127,dairy,0.0021001384182139276
cream_cheese,gruyere_cheese,127,dairy,0.13550665839339412
gruyere_cheese,cottage_cheese,127,dairy,0.0021001384182139276
cottage_cheese,gruyere_cheese,127,dairy,0.01661018567132834
gruyere_cheese,mozzarella_cheese,128,dairy,0.0021001384182139276
mozzarella_cheese,gruyere_cheese,128,dairy,0.0615722399885447
gruyere_cheese,sheep_cheese,127,dairy,0.0021001384182139276
sheep_cheese,gruyere_cheese,127,dairy,9.546083719154218e-05
gruyere_cheese,provolone_cheese,127,dairy,0.0021001384182139276
provolone_cheese,gruyere_cheese,127,dairy,0.007970979905493772
romano_cheese,roquefort_cheese,127,dairy,0.01312586511383705
roquefort_cheese,romano_cheese,127,dairy,0.001097799627702735
romano_cheese,feta_cheese,128,dairy,0.01312586511383705
feta_cheese,romano_cheese,128,dairy,0.029640589947973847
romano_cheese,blue_cheese,130,dairy,0.01312586511383705
blue_cheese,romano_cheese,130,dairy,0.01885351534532958
romano_cheese,goat_cheese,130,dairy,0.01312586511383705
goat_cheese,romano_cheese,130,dairy,0.012362178416304711
romano_cheese,swiss_cheese,128,dairy,0.01312586511383705
swiss_cheese,romano_cheese,128,dairy,0.02491527850699251
romano_cheese,mozzarella_cheese,127,dairy,0.01312586511383705
mozzarella_cheese,romano_cheese,127,dairy,0.0615722399885447
romano_cheese,sheep_cheese,129,dairy,0.01312586511383705
sheep_cheese,romano_cheese,129,dairy,9.546083719154218e-05
romano_cheese,parmesan_cheese,131,dairy,0.01312586511383705
parmesan_cheese,romano_cheese,131,dairy,0.15116223569280704
romano_cheese,emmental_cheese,127,dairy,0.01312586511383705
emmental_cheese,romano_cheese,127,dairy,4.773041859577109e-05
romano_cheese,camembert_cheese,128,dairy,0.01312586511383705
camembert_cheese,romano_cheese,128,dairy,0.0005727650231492531
romano_cheese,provolone_cheese,130,dairy,0.01312586511383705
provolone_cheese,romano_cheese,130,dairy,0.007970979905493772
romano_cheese,munster_cheese,127,dairy,0.01312586511383705
munster_cheese,romano_cheese,127,dairy,0.0012887213020858195
romano_cheese,cheese,127,dairy,0.01312586511383705
cheese,romano_cheese,127,dairy,0.1566512338313207
romano_cheese,cream_cheese,127,dairy,0.01312586511383705
cream_cheese,romano_cheese,127,dairy,0.13550665839339412
romano_cheese,cottage_cheese,127,dairy,0.01312586511383705
cottage_cheese,romano_cheese,127,dairy,0.01661018567132834
romano_cheese,cheddar_cheese,129,dairy,0.01312586511383705
cheddar_cheese,romano_cheese,129,dairy,0.1445754379265906
roquefort_cheese,blue_cheese,127,dairy,0.001097799627702735
blue_cheese,roquefort_cheese,127,dairy,0.01885351534532958
roquefort_cheese,cheddar_cheese,127,dairy,0.001097799627702735
cheddar_cheese,roquefort_cheese,127,dairy,0.1445754379265906
roquefort_cheese,mozzarella_cheese,127,dairy,0.001097799627702735
mozzarella_cheese,roquefort_cheese,127,dairy,0.0615722399885447
roquefort_cheese,cheese,127,dairy,0.001097799627702735
cheese,roquefort_cheese,127,dairy,0.1566512338313207
roquefort_cheese,emmental_cheese,127,dairy,0.001097799627702735
emmental_cheese,roquefort_cheese,127,dairy,4.773041859577109e-05
roquefort_cheese,parmesan_cheese,127,dairy,0.001097799627702735
parmesan_cheese,roquefort_cheese,127,dairy,0.15116223569280704
roquefort_cheese,feta_cheese,127,dairy,0.001097799627702735
feta_cheese,roquefort_cheese,127,dairy,0.029640589947973847
roquefort_cheese,goat_cheese,127,dairy,0.001097799627702735
goat_cheese,roquefort_cheese,127,dairy,0.012362178416304711
roquefort_cheese,swiss_cheese,127,dairy,0.001097799627702735
swiss_cheese,roquefort_cheese,127,dairy,0.02491527850699251
roquefort_cheese,camembert_cheese,127,dairy,0.001097799627702735
camembert_cheese,roquefort_cheese,127,dairy,0.0005727650231492531
roquefort_cheese,cottage_cheese,127,dairy,0.001097799627702735
cottage_cheese,roquefort_cheese,127,dairy,0.01661018567132834
roquefort_cheese,provolone_cheese,127,dairy,0.001097799627702735
provolone_cheese,roquefort_cheese,127,dairy,0.007970979905493772
roquefort_cheese,cream_cheese,127,dairy,0.001097799627702735
cream_cheese,roquefort_cheese,127,dairy,0.13550665839339412
roquefort_cheese,munster_cheese,127,dairy,0.001097799627702735
munster_cheese,roquefort_cheese,127,dairy,0.0012887213020858195
roquefort_cheese,sheep_cheese,127,dairy,0.001097799627702735
sheep_cheese,roquefort_cheese,127,dairy,9.546083719154218e-05
blue_cheese,cream,27,dairy,0.01885351534532958
cream,blue_cheese,27,dairy,0.48455920958426807
blue_cheese,rum,88,dairy,0.01885351534532958
rum,blue_cheese,88,alcoholic beverage,0.028733711994654198
blue_cheese,feta_cheese,129,dairy,0.01885351534532958
feta_cheese,blue_cheese,129,dairy,0.029640589947973847
blue_cheese,goat_cheese,128,dairy,0.01885351534532958
goat_cheese,blue_cheese,128,dairy,0.012362178416304711
blue_cheese,camembert_cheese,132,dairy,0.01885351534532958
camembert_cheese,blue_cheese,132,dairy,0.0005727650231492531
blue_cheese,parmesan_cheese,137,dairy,0.01885351534532958
parmesan_cheese,blue_cheese,137,dairy,0.15116223569280704
blue_cheese,mozzarella_cheese,127,dairy,0.01885351534532958
mozzarella_cheese,blue_cheese,127,dairy,0.0615722399885447
blue_cheese,emmental_cheese,127,dairy,0.01885351534532958
emmental_cheese,blue_cheese,127,dairy,4.773041859577109e-05
blue_cheese,sheep_cheese,127,dairy,0.01885351534532958
sheep_cheese,blue_cheese,127,dairy,9.546083719154218e-05
blue_cheese,munster_cheese,127,dairy,0.01885351534532958
munster_cheese,blue_cheese,127,dairy,0.0012887213020858195
blue_cheese,swiss_cheese,134,dairy,0.01885351534532958
swiss_cheese,blue_cheese,134,dairy,0.02491527850699251
blue_cheese,cheddar_cheese,142,dairy,0.01885351534532958
cheddar_cheese,blue_cheese,142,dairy,0.1445754379265906
blue_cheese,cottage_cheese,131,dairy,0.01885351534532958
cottage_cheese,blue_cheese,131,dairy,0.01661018567132834
blue_cheese,cream_cheese,130,dairy,0.01885351534532958
cream_cheese,blue_cheese,130,dairy,0.13550665839339412
blue_cheese,provolone_cheese,133,dairy,0.01885351534532958
provolone_cheese,blue_cheese,133,dairy,0.007970979905493772
blue_cheese,cheese,127,dairy,0.01885351534532958
cheese,blue_cheese,127,dairy,0.1566512338313207
blue_cheese,milk,76,dairy,0.01885351534532958
milk,blue_cheese,76,dairy,0.6154837477924682
blue_cheese,jamaican_rum,88,dairy,0.01885351534532958
jamaican_rum,blue_cheese,88,alcoholic beverage,4.773041859577109e-05
blue_cheese,buttermilk,12,dairy,0.01885351534532958
buttermilk,blue_cheese,12,dairy,0.07794377356689418
feta_cheese,cheddar_cheese,129,dairy,0.029640589947973847
cheddar_cheese,feta_cheese,129,dairy,0.1445754379265906
feta_cheese,camembert_cheese,129,dairy,0.029640589947973847
camembert_cheese,feta_cheese,129,dairy,0.0005727650231492531
feta_cheese,mozzarella_cheese,127,dairy,0.029640589947973847
mozzarella_cheese,feta_cheese,127,dairy,0.0615722399885447
feta_cheese,sheep_cheese,127,dairy,0.029640589947973847
sheep_cheese,feta_cheese,127,dairy,9.546083719154218e-05
feta_cheese,provolone_cheese,127,dairy,0.029640589947973847
provolone_cheese,feta_cheese,127,dairy,0.007970979905493772
feta_cheese,cream_cheese,127,dairy,0.029640589947973847
cream_cheese,feta_cheese,127,dairy,0.13550665839339412
feta_cheese,cheese,127,dairy,0.029640589947973847
cheese,feta_cheese,127,dairy,0.1566512338313207
feta_cheese,goat_cheese,127,dairy,0.029640589947973847
goat_cheese,feta_cheese,127,dairy,0.012362178416304711
feta_cheese,cottage_cheese,127,dairy,0.029640589947973847
cottage_cheese,feta_cheese,127,dairy,0.01661018567132834
feta_cheese,emmental_cheese,127,dairy,0.029640589947973847
emmental_cheese,feta_cheese,127,dairy,4.773041859577109e-05
feta_cheese,swiss_cheese,129,dairy,0.029640589947973847
swiss_cheese,feta_cheese,129,dairy,0.02491527850699251
feta_cheese,parmesan_cheese,127,dairy,0.029640589947973847
parmesan_cheese,feta_cheese,127,dairy,0.15116223569280704
feta_cheese,munster_cheese,127,dairy,0.029640589947973847
munster_cheese,feta_cheese,127,dairy,0.0012887213020858195
cheese,goat_cheese,127,dairy,0.1566512338313207
goat_cheese,cheese,127,dairy,0.012362178416304711
cheese,swiss_cheese,127,dairy,0.1566512338313207
swiss_cheese,cheese,127,dairy,0.02491527850699251
cheese,mozzarella_cheese,127,dairy,0.1566512338313207
mozzarella_cheese,cheese,127,dairy,0.0615722399885447
cheese,sheep_cheese,127,dairy,0.1566512338313207
sheep_cheese,cheese,127,dairy,9.546083719154218e-05
cheese,parmesan_cheese,127,dairy,0.1566512338313207
parmesan_cheese,cheese,127,dairy,0.15116223569280704
cheese,emmental_cheese,127,dairy,0.1566512338313207
emmental_cheese,cheese,127,dairy,4.773041859577109e-05
cheese,camembert_cheese,127,dairy,0.1566512338313207
camembert_cheese,cheese,127,dairy,0.0005727650231492531
cheese,provolone_cheese,127,dairy,0.1566512338313207
provolone_cheese,cheese,127,dairy,0.007970979905493772
cheese,munster_cheese,127,dairy,0.1566512338313207
munster_cheese,cheese,127,dairy,0.0012887213020858195
cheese,cottage_cheese,127,dairy,0.1566512338313207
cottage_cheese,cheese,127,dairy,0.01661018567132834
cheese,cream_cheese,127,dairy,0.1566512338313207
cream_cheese,cheese,127,dairy,0.13550665839339412
cheese,cheddar_cheese,127,dairy,0.1566512338313207
cheddar_cheese,cheese,127,dairy,0.1445754379265906
parmesan_cheese,rum,90,dairy,0.15116223569280704
rum,parmesan_cheese,90,alcoholic beverage,0.028733711994654198
parmesan_cheese,white_wine,98,dairy,0.15116223569280704
white_wine,parmesan_cheese,98,alcoholic beverage,0.10338408667844018
parmesan_cheese,goat_cheese,128,dairy,0.15116223569280704
goat_cheese,parmesan_cheese,128,dairy,0.012362178416304711
parmesan_cheese,swiss_cheese,129,dairy,0.15116223569280704
swiss_cheese,parmesan_cheese,129,dairy,0.02491527850699251
parmesan_cheese,mozzarella_cheese,127,dairy,0.15116223569280704
mozzarella_cheese,parmesan_cheese,127,dairy,0.0615722399885447
parmesan_cheese,sheep_cheese,127,dairy,0.15116223569280704
sheep_cheese,parmesan_cheese,127,dairy,9.546083719154218e-05
parmesan_cheese,emmental_cheese,127,dairy,0.15116223569280704
emmental_cheese,parmesan_cheese,127,dairy,4.773041859577109e-05
parmesan_cheese,cheddar_cheese,134,dairy,0.15116223569280704
cheddar_cheese,parmesan_cheese,134,dairy,0.1445754379265906
parmesan_cheese,cottage_cheese,130,dairy,0.15116223569280704
cottage_cheese,parmesan_cheese,130,dairy,0.01661018567132834
parmesan_cheese,provolone_cheese,129,dairy,0.15116223569280704
provolone_cheese,parmesan_cheese,129,dairy,0.007970979905493772
parmesan_cheese,cream_cheese,130,dairy,0.15116223569280704
cream_cheese,parmesan_cheese,130,dairy,0.13550665839339412
parmesan_cheese,camembert_cheese,128,dairy,0.15116223569280704
camembert_cheese,parmesan_cheese,128,dairy,0.0005727650231492531
parmesan_cheese,munster_cheese,127,dairy,0.15116223569280704
munster_cheese,parmesan_cheese,127,dairy,0.0012887213020858195
parmesan_cheese,whiskey,67,dairy,0.15116223569280704
whiskey,parmesan_cheese,67,alcoholic beverage,0.007064101952174121
parmesan_cheese,milk,79,dairy,0.15116223569280704
milk,parmesan_cheese,79,dairy,0.6154837477924682
parmesan_cheese,jamaican_rum,92,dairy,0.15116223569280704
jamaican_rum,parmesan_cheese,92,alcoholic beverage,4.773041859577109e-05
goat_cheese,mozzarella_cheese,127,dairy,0.012362178416304711
mozzarella_cheese,goat_cheese,127,dairy,0.0615722399885447
goat_cheese,emmental_cheese,127,dairy,0.012362178416304711
emmental_cheese,goat_cheese,127,dairy,4.773041859577109e-05
goat_cheese,camembert_cheese,127,dairy,0.012362178416304711
camembert_cheese,goat_cheese,127,dairy,0.0005727650231492531
goat_cheese,cream_cheese,127,dairy,0.012362178416304711
cream_cheese,goat_cheese,127,dairy,0.13550665839339412
goat_cheese,cheddar_cheese,128,dairy,0.012362178416304711
cheddar_cheese,goat_cheese,128,dairy,0.1445754379265906
goat_cheese,swiss_cheese,127,dairy,0.012362178416304711
swiss_cheese,goat_cheese,127,dairy,0.02491527850699251
goat_cheese,cottage_cheese,127,dairy,0.012362178416304711
cottage_cheese,goat_cheese,127,dairy,0.01661018567132834
goat_cheese,provolone_cheese,129,dairy,0.012362178416304711
provolone_cheese,goat_cheese,129,dairy,0.007970979905493772
goat_cheese,sheep_cheese,130,dairy,0.012362178416304711
sheep_cheese,goat_cheese,130,dairy,9.546083719154218e-05
goat_cheese,munster_cheese,127,dairy,0.012362178416304711
munster_cheese,goat_cheese,127,dairy,0.0012887213020858195
emmental_cheese,swiss_cheese,127,dairy,4.773041859577109e-05
swiss_cheese,emmental_cheese,127,dairy,0.02491527850699251
emmental_cheese,mozzarella_cheese,127,dairy,4.773041859577109e-05
mozzarella_cheese,emmental_cheese,127,dairy,0.0615722399885447
emmental_cheese,sheep_cheese,127,dairy,4.773041859577109e-05
sheep_cheese,emmental_cheese,127,dairy,9.546083719154218e-05
emmental_cheese,provolone_cheese,127,dairy,4.773041859577109e-05
provolone_cheese,emmental_cheese,127,dairy,0.007970979905493772
emmental_cheese,cheddar_cheese,127,dairy,4.773041859577109e-05
cheddar_cheese,emmental_cheese,127,dairy,0.1445754379265906
emmental_cheese,camembert_cheese,127,dairy,4.773041859577109e-05
camembert_cheese,emmental_cheese,127,dairy,0.0005727650231492531
emmental_cheese,cottage_cheese,127,dairy,4.773041859577109e-05
cottage_cheese,emmental_cheese,127,dairy,0.01661018567132834
emmental_cheese,munster_cheese,127,dairy,4.773041859577109e-05
munster_cheese,emmental_cheese,127,dairy,0.0012887213020858195
emmental_cheese,cream_cheese,127,dairy,4.773041859577109e-05
cream_cheese,emmental_cheese,127,dairy,0.13550665839339412
camembert_cheese,swiss_cheese,130,dairy,0.0005727650231492531
swiss_cheese,camembert_cheese,130,dairy,0.02491527850699251
camembert_cheese,mozzarella_cheese,127,dairy,0.0005727650231492531
mozzarella_cheese,camembert_cheese,127,dairy,0.0615722399885447
camembert_cheese,sheep_cheese,127,dairy,0.0005727650231492531
sheep_cheese,camembert_cheese,127,dairy,9.546083719154218e-05
camembert_cheese,cheddar_cheese,130,dairy,0.0005727650231492531
cheddar_cheese,camembert_cheese,130,dairy,0.1445754379265906
camembert_cheese,cream_cheese,127,dairy,0.0005727650231492531
cream_cheese,camembert_cheese,127,dairy,0.13550665839339412
camembert_cheese,munster_cheese,127,dairy,0.0005727650231492531
munster_cheese,camembert_cheese,127,dairy,0.0012887213020858195
camembert_cheese,provolone_cheese,128,dairy,0.0005727650231492531
provolone_cheese,camembert_cheese,128,dairy,0.007970979905493772
camembert_cheese,cottage_cheese,127,dairy,0.0005727650231492531
cottage_cheese,camembert_cheese,127,dairy,0.01661018567132834
cheddar_cheese,cream,28,dairy,0.1445754379265906
cream,cheddar_cheese,28,dairy,0.48455920958426807
cheddar_cheese,swiss_cheese,136,dairy,0.1445754379265906
swiss_cheese,cheddar_cheese,136,dairy,0.02491527850699251
cheddar_cheese,mozzarella_cheese,127,dairy,0.1445754379265906
mozzarella_cheese,cheddar_cheese,127,dairy,0.0615722399885447
cheddar_cheese,sheep_cheese,127,dairy,0.1445754379265906
sheep_cheese,cheddar_cheese,127,dairy,9.546083719154218e-05
cheddar_cheese,provolone_cheese,130,dairy,0.1445754379265906
provolone_cheese,cheddar_cheese,130,dairy,0.007970979905493772
cheddar_cheese,munster_cheese,127,dairy,0.1445754379265906
munster_cheese,cheddar_cheese,127,dairy,0.0012887213020858195
cheddar_cheese,milk,76,dairy,0.1445754379265906
milk,cheddar_cheese,76,dairy,0.6154837477924682
cheddar_cheese,cream_cheese,130,dairy,0.1445754379265906
cream_cheese,cheddar_cheese,130,dairy,0.13550665839339412
cheddar_cheese,cottage_cheese,131,dairy,0.1445754379265906
cottage_cheese,cheddar_cheese,131,dairy,0.01661018567132834
cheddar_cheese,buttermilk,12,dairy,0.1445754379265906
buttermilk,cheddar_cheese,12,dairy,0.07794377356689418
swiss_cheese,cream,27,dairy,0.02491527850699251
cream,swiss_cheese,27,dairy,0.48455920958426807
swiss_cheese,mozzarella_cheese,129,dairy,0.02491527850699251
mozzarella_cheese,swiss_cheese,129,dairy,0.0615722399885447
swiss_cheese,cream_cheese,127,dairy,0.02491527850699251
cream_cheese,swiss_cheese,127,dairy,0.13550665839339412
swiss_cheese,sheep_cheese,127,dairy,0.02491527850699251
sheep_cheese,swiss_cheese,127,dairy,9.546083719154218e-05
swiss_cheese,provolone_cheese,127,dairy,0.02491527850699251
provolone_cheese,swiss_cheese,127,dairy,0.007970979905493772
swiss_cheese,cottage_cheese,127,dairy,0.02491527850699251
cottage_cheese,swiss_cheese,127,dairy,0.01661018567132834
swiss_cheese,munster_cheese,127,dairy,0.02491527850699251
munster_cheese,swiss_cheese,127,dairy,0.0012887213020858195
munster_cheese,mozzarella_cheese,127,dairy,0.0012887213020858195
mozzarella_cheese,munster_cheese,127,dairy,0.0615722399885447
munster_cheese,sheep_cheese,127,dairy,0.0012887213020858195
sheep_cheese,munster_cheese,127,dairy,9.546083719154218e-05
munster_cheese,provolone_cheese,127,dairy,0.0012887213020858195
provolone_cheese,munster_cheese,127,dairy,0.007970979905493772
munster_cheese,cream_cheese,127,dairy,0.0012887213020858195
cream_cheese,munster_cheese,127,dairy,0.13550665839339412
munster_cheese,cottage_cheese,127,dairy,0.0012887213020858195
cottage_cheese,munster_cheese,127,dairy,0.01661018567132834
cream_cheese,mozzarella_cheese,127,dairy,0.13550665839339412
mozzarella_cheese,cream_cheese,127,dairy,0.0615722399885447
cream_cheese,sheep_cheese,127,dairy,0.13550665839339412
sheep_cheese,cream_cheese,127,dairy,9.546083719154218e-05
cream_cheese,provolone_cheese,127,dairy,0.13550665839339412
provolone_cheese,cream_cheese,127,dairy,0.007970979905493772
cream_cheese,cottage_cheese,130,dairy,0.13550665839339412
cottage_cheese,cream_cheese,130,dairy,0.01661018567132834
cottage_cheese,mozzarella_cheese,127,dairy,0.01661018567132834
mozzarella_cheese,cottage_cheese,127,dairy,0.0615722399885447
cottage_cheese,sheep_cheese,127,dairy,0.01661018567132834
sheep_cheese,cottage_cheese,127,dairy,9.546083719154218e-05
cottage_cheese,provolone_cheese,128,dairy,0.01661018567132834
provolone_cheese,cottage_cheese,128,dairy,0.007970979905493772
mozzarella_cheese,sheep_cheese,127,dairy,0.0615722399885447
sheep_cheese,mozzarella_cheese,127,dairy,9.546083719154218e-05
mozzarella_cheese,provolone_cheese,127,dairy,0.0615722399885447
provolone_cheese,mozzarella_cheese,127,dairy,0.007970979905493772
sheep_cheese,provolone_cheese,128,dairy,9.546083719154218e-05
provolone_cheese,sheep_cheese,128,dairy,0.007970979905493772
wine,port_wine,128,alcoholic beverage,0.041859577108491246
port_wine,wine,128,alcoholic beverage,0.0023387905111927833
wine,jamaican_rum,78,alcoholic beverage,0.041859577108491246
jamaican_rum,wine,78,alcoholic beverage,4.773041859577109e-05
wine,champagne_wine,128,alcoholic beverage,0.041859577108491246
champagne_wine,wine,128,alcoholic beverage,0.004725311440981338
wine,white_wine,128,alcoholic beverage,0.041859577108491246
white_wine,wine,128,alcoholic beverage,0.10338408667844018
wine,red_wine,128,alcoholic beverage,0.041859577108491246
red_wine,wine,128,alcoholic beverage,0.06648847310390912
wine,sherry,128,alcoholic beverage,0.041859577108491246
sherry,wine,128,alcoholic beverage,0.030070163715335788
wine,cabernet_sauvignon_wine,128,alcoholic beverage,0.041859577108491246
cabernet_sauvignon_wine,wine,128,alcoholic beverage,0.0008114171161281085
wine,cognac,82,alcoholic beverage,0.041859577108491246
cognac,wine,82,alcoholic beverage,0.0031502076273208918
port_wine,cognac,90,alcoholic beverage,0.0023387905111927833
cognac,port_wine,90,alcoholic beverage,0.0031502076273208918
port_wine,sherry,131,alcoholic beverage,0.0023387905111927833
sherry,port_wine,131,alcoholic beverage,0.030070163715335788
port_wine,apple_brandy,15,alcoholic beverage,0.0023387905111927833
apple_brandy,port_wine,15,alcoholic beverage,0.0017660254880435303
port_wine,white_wine,135,alcoholic beverage,0.0023387905111927833
white_wine,port_wine,135,alcoholic beverage,0.10338408667844018
port_wine,cabernet_sauvignon_wine,133,alcoholic beverage,0.0023387905111927833
cabernet_sauvignon_wine,port_wine,133,alcoholic beverage,0.0008114171161281085
port_wine,red_wine,133,alcoholic beverage,0.0023387905111927833
red_wine,port_wine,133,alcoholic beverage,0.06648847310390912
port_wine,champagne_wine,128,alcoholic beverage,0.0023387905111927833
champagne_wine,port_wine,128,alcoholic beverage,0.004725311440981338
port_wine,jamaican_rum,85,alcoholic beverage,0.0023387905111927833
jamaican_rum,port_wine,85,alcoholic beverage,4.773041859577109e-05
port_wine,rum,83,alcoholic beverage,0.0023387905111927833
rum,port_wine,83,alcoholic beverage,0.028733711994654198
port_wine,cider,49,alcoholic beverage,0.0023387905111927833
cider,port_wine,49,alcoholic beverage,0.05345806882726362
jamaican_rum,cognac,96,alcoholic beverage,4.773041859577109e-05
cognac,jamaican_rum,96,alcoholic beverage,0.0031502076273208918
jamaican_rum,sherry,90,alcoholic beverage,4.773041859577109e-05
sherry,jamaican_rum,90,alcoholic beverage,0.030070163715335788
jamaican_rum,rum,175,alcoholic beverage,4.773041859577109e-05
rum,jamaican_rum,175,alcoholic beverage,0.028733711994654198
jamaican_rum,apple_brandy,15,alcoholic beverage,4.773041859577109e-05
apple_brandy,jamaican_rum,15,alcoholic beverage,0.0017660254880435303
jamaican_rum,white_wine,100,alcoholic beverage,4.773041859577109e-05
white_wine,jamaican_rum,100,alcoholic beverage,0.10338408667844018
jamaican_rum,whiskey,79,alcoholic beverage,4.773041859577109e-05
whiskey,jamaican_rum,79,alcoholic beverage,0.007064101952174121
jamaican_rum,cabernet_sauvignon_wine,88,alcoholic beverage,4.773041859577109e-05
cabernet_sauvignon_wine,jamaican_rum,88,alcoholic beverage,0.0008114171161281085
jamaican_rum,red_wine,88,alcoholic beverage,4.773041859577109e-05
red_wine,jamaican_rum,88,alcoholic beverage,0.06648847310390912
jamaican_rum,cider,54,alcoholic beverage,4.773041859577109e-05
cider,jamaican_rum,54,alcoholic beverage,0.05345806882726362
jamaican_rum,champagne_wine,78,alcoholic beverage,4.773041859577109e-05
champagne_wine,jamaican_rum,78,alcoholic beverage,0.004725311440981338
champagne_wine,sherry,128,alcoholic beverage,0.004725311440981338
sherry,champagne_wine,128,alcoholic beverage,0.030070163715335788
champagne_wine,white_wine,128,alcoholic beverage,0.004725311440981338
white_wine,champagne_wine,128,alcoholic beverage,0.10338408667844018
champagne_wine,cabernet_sauvignon_wine,128,alcoholic beverage,0.004725311440981338
cabernet_sauvignon_wine,champagne_wine,128,alcoholic beverage,0.0008114171161281085
champagne_wine,red_wine,128,alcoholic beverage,0.004725311440981338
red_wine,champagne_wine,128,alcoholic beverage,0.06648847310390912
champagne_wine,cognac,82,alcoholic beverage,0.004725311440981338
cognac,champagne_wine,82,alcoholic beverage,0.0031502076273208918
white_wine,cognac,107,alcoholic beverage,0.10338408667844018
cognac,white_wine,107,alcoholic beverage,0.0031502076273208918
white_wine,sherry,139,alcoholic beverage,0.10338408667844018
sherry,white_wine,139,alcoholic beverage,0.030070163715335788
white_wine,brandy,19,alcoholic beverage,0.10338408667844018
brandy,white_wine,19,alcoholic beverage,0.01885351534532958
white_wine,rum,98,alcoholic beverage,0.10338408667844018
rum,white_wine,98,alcoholic beverage,0.028733711994654198
white_wine,apple_brandy,17,alcoholic beverage,0.10338408667844018
apple_brandy,white_wine,17,alcoholic beverage,0.0017660254880435303
white_wine,strawberry,99,alcoholic beverage,0.10338408667844018
strawberry,white_wine,99,fruit,0.05145339124624123
white_wine,cabernet_sauvignon_wine,155,alcoholic beverage,0.10338408667844018
cabernet_sauvignon_wine,white_wine,155,alcoholic beverage,0.0008114171161281085
white_wine,red_wine,155,alcoholic beverage,0.10338408667844018
red_wine,white_wine,155,alcoholic beverage,0.06648847310390912
white_wine,apple,105,alcoholic beverage,0.10338408667844018
apple,white_wine,105,fruit,0.1154121521645745
white_wine,pineapple,62,alcoholic beverage,0.10338408667844018
pineapple,white_wine,62,fruit,0.07713235645076608
white_wine,whiskey,72,alcoholic beverage,0.10338408667844018
whiskey,white_wine,72,alcoholic beverage,0.007064101952174121
white_wine,cocoa,86,alcoholic beverage,0.10338408667844018
cocoa,white_wine,86,plant derivative,0.229153739678297
white_wine,passion_fruit,74,alcoholic beverage,0.10338408667844018
passion_fruit,white_wine,74,fruit,0.0009546083719154217
white_wine,cider,59,alcoholic beverage,0.10338408667844018
cider,white_wine,59,alcoholic beverage,0.05345806882726362
white_wine,muscat_grape,80,alcoholic beverage,0.10338408667844018
muscat_grape,white_wine,80,fruit,4.773041859577109e-05
red_wine,cognac,94,alcoholic beverage,0.06648847310390912
cognac,red_wine,94,alcoholic beverage,0.0031502076273208918
red_wine,sherry,138,alcoholic beverage,0.06648847310390912
sherry,red_wine,138,alcoholic beverage,0.030070163715335788
red_wine,apple_brandy,17,alcoholic beverage,0.06648847310390912
apple_brandy,red_wine,17,alcoholic beverage,0.0017660254880435303
red_wine,pineapple,55,alcoholic beverage,0.06648847310390912
pineapple,red_wine,55,fruit,0.07713235645076608
red_wine,whiskey,68,alcoholic beverage,0.06648847310390912
whiskey,red_wine,68,alcoholic beverage,0.007064101952174121
red_wine,cabernet_sauvignon_wine,165,alcoholic beverage,0.06648847310390912
cabernet_sauvignon_wine,red_wine,165,alcoholic beverage,0.0008114171161281085
red_wine,rum,86,alcoholic beverage,0.06648847310390912
rum,red_wine,86,alcoholic beverage,0.028733711994654198
red_wine,apple,86,alcoholic beverage,0.06648847310390912
apple,red_wine,86,fruit,0.1154121521645745
red_wine,cider,52,alcoholic beverage,0.06648847310390912
cider,red_wine,52,alcoholic beverage,0.05345806882726362
sherry,cognac,90,alcoholic beverage,0.030070163715335788
cognac,sherry,90,alcoholic beverage,0.0031502076273208918
sherry,cabernet_sauvignon_wine,138,alcoholic beverage,0.030070163715335788
cabernet_sauvignon_wine,sherry,138,alcoholic beverage,0.0008114171161281085
sherry,rum,87,alcoholic beverage,0.030070163715335788
rum,sherry,87,alcoholic beverage,0.028733711994654198
sherry,apple_brandy,15,alcoholic beverage,0.030070163715335788
apple_brandy,sherry,15,alcoholic beverage,0.0017660254880435303
sherry,whiskey,69,alcoholic beverage,0.030070163715335788
whiskey,sherry,69,alcoholic beverage,0.007064101952174121
sherry,cider,52,alcoholic beverage,0.030070163715335788
cider,sherry,52,alcoholic beverage,0.05345806882726362
cabernet_sauvignon_wine,cognac,94,alcoholic beverage,0.0008114171161281085
cognac,cabernet_sauvignon_wine,94,alcoholic beverage,0.0031502076273208918
cabernet_sauvignon_wine,apple_brandy,17,alcoholic beverage,0.0008114171161281085
apple_brandy,cabernet_sauvignon_wine,17,alcoholic beverage,0.0017660254880435303
cabernet_sauvignon_wine,pineapple,55,alcoholic beverage,0.0008114171161281085
pineapple,cabernet_sauvignon_wine,55,fruit,0.07713235645076608
cabernet_sauvignon_wine,whiskey,68,alcoholic beverage,0.0008114171161281085
whiskey,cabernet_sauvignon_wine,68,alcoholic beverage,0.007064101952174121
cabernet_sauvignon_wine,apple,86,alcoholic beverage,0.0008114171161281085
apple,cabernet_sauvignon_wine,86,fruit,0.1154121521645745
cabernet_sauvignon_wine,rum,86,alcoholic beverage,0.0008114171161281085
rum,cabernet_sauvignon_wine,86,alcoholic beverage,0.028733711994654198
cabernet_sauvignon_wine,cider,52,alcoholic beverage,0.0008114171161281085
cider,cabernet_sauvignon_wine,52,alcoholic beverage,0.05345806882726362
cognac,rum,94,alcoholic beverage,0.0031502076273208918
rum,cognac,94,alcoholic beverage,0.028733711994654198
cognac,apple,86,alcoholic beverage,0.0031502076273208918
apple,cognac,86,fruit,0.1154121521645745
cognac,apple_brandy,16,alcoholic beverage,0.0031502076273208918
apple_brandy,cognac,16,alcoholic beverage,0.0017660254880435303
cognac,whiskey,71,alcoholic beverage,0.0031502076273208918
whiskey,cognac,71,alcoholic beverage,0.007064101952174121
cognac,grape_brandy,6,alcoholic beverage,0.0031502076273208918
grape_brandy,cognac,6,alcoholic beverage,0.0003818433487661687
cognac,cider,55,alcoholic beverage,0.0031502076273208918
cider,cognac,55,alcoholic beverage,0.05345806882726362
katsuobushi,cocoa,23,fish/seafood,0.0023387905111927833
cocoa,katsuobushi,23,plant derivative,0.229153739678297
onion,chive,17,vegetable,0.8606271777003485
chive,onion,17,vegetable,0.06276550045343898
onion,garlic,16,vegetable,0.8606271777003485
garlic,onion,16,vegetable,0.806309961338361
onion,shallot,12,vegetable,0.8606271777003485
shallot,onion,12,vegetable,0.05665600687318028
peppermint_oil,peppermint,58,plant derivative,0.00042957376736193977
peppermint,peppermint_oil,58,herb,0.006777719440599495
peppermint_oil,jasmine_tea,17,plant derivative,0.00042957376736193977
jasmine_tea,peppermint_oil,17,plant derivative,4.773041859577109e-05
peppermint_oil,green_tea,21,plant derivative,0.00042957376736193977
green_tea,peppermint_oil,21,plant derivative,0.0015273733950646748
peppermint_oil,tea,17,plant derivative,0.00042957376736193977
tea,peppermint_oil,17,plant derivative,0.00482077227817288
peppermint,green_tea,33,herb,0.006777719440599495
green_tea,peppermint,33,plant derivative,0.0015273733950646748
peppermint,tea,29,herb,0.006777719440599495
tea,peppermint,29,plant derivative,0.00482077227817288
peppermint,jasmine_tea,29,herb,0.006777719440599495
jasmine_tea,peppermint,29,plant derivative,4.773041859577109e-05
peppermint,lemon_peel,8,herb,0.006777719440599495
lemon_peel,peppermint,8,plant,0.034127249295976325
jasmine_tea,green_tea,172,plant derivative,4.773041859577109e-05
green_tea,jasmine_tea,172,plant derivative,0.0015273733950646748
jasmine_tea,tea,171,plant derivative,4.773041859577109e-05
tea,jasmine_tea,171,plant derivative,0.00482077227817288
jasmine_tea,lemon_peel,8,plant derivative,4.773041859577109e-05
lemon_peel,jasmine_tea,8,plant,0.034127249295976325
jasmine_tea,japanese_plum,6,plant derivative,4.773041859577109e-05
japanese_plum,jasmine_tea,6,fruit,0.0006204954417450242
green_tea,tea,171,plant derivative,0.0015273733950646748
tea,green_tea,171,plant derivative,0.00482077227817288
green_tea,vanilla,44,plant derivative,0.0015273733950646748
vanilla,green_tea,44,spice,0.43076702782683407
green_tea,basil,10,plant derivative,0.0015273733950646748
basil,green_tea,10,herb,0.18037325187341893
green_tea,lemon_peel,10,plant derivative,0.0015273733950646748
lemon_peel,green_tea,10,plant,0.034127249295976325
green_tea,jasmine,11,plant derivative,0.0015273733950646748
jasmine,green_tea,11,flower,0.00033411293017039764
green_tea,japanese_plum,6,plant derivative,0.0015273733950646748
japanese_plum,green_tea,6,fruit,0.0006204954417450242
tea,lemon_peel,8,plant derivative,0.00482077227817288
lemon_peel,tea,8,plant,0.034127249295976325
tea,japanese_plum,6,plant derivative,0.00482077227817288
japanese_plum,tea,6,fruit,0.0006204954417450242
rum,apple_brandy,15,alcoholic beverage,0.028733711994654198
apple_brandy,rum,15,alcoholic beverage,0.0017660254880435303
rum,whiskey,76,alcoholic beverage,0.028733711994654198
whiskey,rum,76,alcoholic beverage,0.007064101952174121
rum,cider,54,alcoholic beverage,0.028733711994654198
cider,rum,54,alcoholic beverage,0.05345806882726362
apple,quince,36,fruit,0.1154121521645745
quince,apple,36,fruit,0.0013364517206815906
apple,plum,64,fruit,0.1154121521645745
plum,apple,64,fruit,0.013221325951028592
apple,honey,41,fruit,0.1154121521645745
honey,apple,41,animal product,0.11851462937329961
apple,bartlett_pear,44,fruit,0.1154121521645745
bartlett_pear,apple,44,fruit,0.001097799627702735
apple,apple_brandy,14,fruit,0.1154121521645745
apple_brandy,apple,14,alcoholic beverage,0.0017660254880435303
apple,pineapple,64,fruit,0.1154121521645745
pineapple,apple,64,fruit,0.07713235645076608
apple,apricot,74,fruit,0.1154121521645745
apricot,apple,74,fruit,0.029592859529378075
apple,orange,67,fruit,0.1154121521645745
orange,apple,67,fruit,0.08157128538017279
apple,pear,44,fruit,0.1154121521645745
pear,apple,44,fruit,0.02233783590282087
apple,melon,71,fruit,0.1154121521645745
melon,apple,71,fruit,0.007493675719536061
apple,grape,79,fruit,0.1154121521645745
grape,apple,79,fruit,0.016466994415541027
apple,strawberry,114,fruit,0.1154121521645745
strawberry,apple,114,fruit,0.05145339124624123
apple,kiwi,36,fruit,0.1154121521645745
kiwi,apple,36,fruit,0.005011693952555964
apple,banana,85,fruit,0.1154121521645745
banana,apple,85,fruit,0.04696673189823875
apple,concord_grape,80,fruit,0.1154121521645745
concord_grape,apple,80,fruit,0.0005727650231492531
apple,cherry,31,fruit,0.1154121521645745
cherry,apple,31,fruit,0.051739773757815855
apple,cider,59,fruit,0.1154121521645745
cider,apple,59,alcoholic beverage,0.05345806882726362
apple,nectarine,32,fruit,0.1154121521645745
nectarine,apple,32,fruit,0.0023865209297885544
apple,muscat_grape,81,fruit,0.1154121521645745
muscat_grape,apple,81,fruit,4.773041859577109e-05
apple,orange_juice,30,fruit,0.1154121521645745
orange_juice,apple,30,fruit,0.08114171161281085
tuna,salmon,84,fish/seafood,0.021144575437926593
salmon,tuna,84,fish/seafood,0.020715001670564653
tuna,smoked_salmon,84,fish/seafood,0.021144575437926593
smoked_salmon,tuna,84,fish/seafood,0.0046298506037897955
tuna,sturgeon_caviar,19,fish/seafood,0.021144575437926593
sturgeon_caviar,tuna,19,fish/seafood,4.773041859577109e-05
tuna,cod,65,fish/seafood,0.021144575437926593
cod,tuna,65,fish/seafood,0.00830509283566417
tuna,herring,65,fish/seafood,0.021144575437926593
herring,tuna,65,fish/seafood,0.00047730418595771083
tuna,catfish,64,fish/seafood,0.021144575437926593
catfish,tuna,64,fish/seafood,0.003245668464512434
tuna,eel,65,fish/seafood,0.021144575437926593
eel,tuna,65,fish/seafood,0.0009546083719154217
tuna,smoked_fish,64,fish/seafood,0.021144575437926593
smoked_fish,tuna,64,fish/seafood,0.00028638251157462653
tuna,mackerel,65,fish/seafood,0.021144575437926593
mackerel,tuna,65,fish/seafood,0.0021001384182139276
tuna,fish,64,fish/seafood,0.021144575437926593
fish,tuna,64,fish/seafood,0.08968545654145386
tuna,haddock,64,fish/seafood,0.021144575437926593
haddock,tuna,64,fish/seafood,0.0014796429764689038
tuna,caviar,18,fish/seafood,0.021144575437926593
caviar,tuna,18,fish/seafood,0.0012409908834900485
salmon,smoked_salmon,84,fish/seafood,0.020715001670564653
smoked_salmon,salmon,84,fish/seafood,0.0046298506037897955
salmon,sturgeon_caviar,19,fish/seafood,0.020715001670564653
sturgeon_caviar,salmon,19,fish/seafood,4.773041859577109e-05
salmon,cod,65,fish/seafood,0.020715001670564653
cod,salmon,65,fish/seafood,0.00830509283566417
salmon,herring,65,fish/seafood,0.020715001670564653
herring,salmon,65,fish/seafood,0.00047730418595771083
salmon,catfish,64,fish/seafood,0.020715001670564653
catfish,salmon,64,fish/seafood,0.003245668464512434
salmon,eel,64,fish/seafood,0.020715001670564653
eel,salmon,64,fish/seafood,0.0009546083719154217
salmon,smoked_fish,64,fish/seafood,0.020715001670564653
smoked_fish,salmon,64,fish/seafood,0.00028638251157462653
salmon,mackerel,64,fish/seafood,0.020715001670564653
mackerel,salmon,64,fish/seafood,0.0021001384182139276
salmon,fish,64,fish/seafood,0.020715001670564653
fish,salmon,64,fish/seafood,0.08968545654145386
salmon,haddock,64,fish/seafood,0.020715001670564653
haddock,salmon,64,fish/seafood,0.0014796429764689038
salmon,caviar,18,fish/seafood,0.020715001670564653
caviar,salmon,18,fish/seafood,0.0012409908834900485
smoked_salmon,sturgeon_caviar,19,fish/seafood,0.0046298506037897955
sturgeon_caviar,smoked_salmon,19,fish/seafood,4.773041859577109e-05
smoked_salmon,cod,65,fish/seafood,0.0046298506037897955
cod,smoked_salmon,65,fish/seafood,0.00830509283566417
smoked_salmon,herring,65,fish/seafood,0.0046298506037897955
herring,smoked_salmon,65,fish/seafood,0.00047730418595771083
smoked_salmon,catfish,64,fish/seafood,0.0046298506037897955
catfish,smoked_salmon,64,fish/seafood,0.003245668464512434
smoked_salmon,eel,64,fish/seafood,0.0046298506037897955
eel,smoked_salmon,64,fish/seafood,0.0009546083719154217
smoked_salmon,smoked_fish,64,fish/seafood,0.0046298506037897955
smoked_fish,smoked_salmon,64,fish/seafood,0.00028638251157462653
smoked_salmon,mackerel,64,fish/seafood,0.0046298506037897955
mackerel,smoked_salmon,64,fish/seafood,0.0021001384182139276
smoked_salmon,fish,64,fish/seafood,0.0046298506037897955
fish,smoked_salmon,64,fish/seafood,0.08968545654145386
smoked_salmon,haddock,64,fish/seafood,0.0046298506037897955
haddock,smoked_salmon,64,fish/seafood,0.0014796429764689038
smoked_salmon,caviar,18,fish/seafood,0.0046298506037897955
caviar,smoked_salmon,18,fish/seafood,0.0012409908834900485
quince,strawberry,35,fruit,0.0013364517206815906
strawberry,quince,35,fruit,0.05145339124624123
quince,passion_fruit,35,fruit,0.0013364517206815906
passion_fruit,quince,35,fruit,0.0009546083719154217
quince,apricot,33,fruit,0.0013364517206815906
apricot,quince,33,fruit,0.029592859529378075
strawberry,olive,47,fruit,0.05145339124624123
olive,strawberry,47,fruit,0.08577156221660065
strawberry,plum,63,fruit,0.05145339124624123
plum,strawberry,63,fruit,0.013221325951028592
strawberry,honey,40,fruit,0.05145339124624123
honey,strawberry,40,animal product,0.11851462937329961
strawberry,bartlett_pear,38,fruit,0.05145339124624123
bartlett_pear,strawberry,38,fruit,0.001097799627702735
strawberry,bitter_orange,25,fruit,0.05145339124624123
bitter_orange,strawberry,25,fruit,0.003961624743449001
strawberry,blueberry,58,fruit,0.05145339124624123
blueberry,strawberry,58,fruit,0.022194644647033558
strawberry,pineapple,67,fruit,0.05145339124624123
pineapple,strawberry,67,fruit,0.07713235645076608
strawberry,apricot,70,fruit,0.05145339124624123
apricot,strawberry,70,fruit,0.029592859529378075
strawberry,berry,52,fruit,0.05145339124624123
berry,strawberry,52,fruit,0.008686936184430338
strawberry,orange,69,fruit,0.05145339124624123
orange,strawberry,69,fruit,0.08157128538017279
strawberry,pear,38,fruit,0.05145339124624123
pear,strawberry,38,fruit,0.02233783590282087
strawberry,elderberry,59,fruit,0.05145339124624123
elderberry,strawberry,59,fruit,0.00023865209297885541
strawberry,melon,67,fruit,0.05145339124624123
melon,strawberry,67,fruit,0.007493675719536061
strawberry,grape,84,fruit,0.05145339124624123
grape,strawberry,84,fruit,0.016466994415541027
strawberry,tangerine,41,fruit,0.05145339124624123
tangerine,strawberry,41,fruit,0.0021001384182139276
strawberry,black_raspberry,52,fruit,0.05145339124624123
black_raspberry,strawberry,52,fruit,0.0003818433487661687
strawberry,huckleberry,52,fruit,0.05145339124624123
huckleberry,strawberry,52,fruit,0.00047730418595771083
strawberry,blackberry,72,fruit,0.05145339124624123
blackberry,strawberry,72,fruit,0.008066440742685314
strawberry,cranberry,78,fruit,0.05145339124624123
cranberry,strawberry,78,fruit,0.043721063433726316
strawberry,kiwi,39,fruit,0.05145339124624123
kiwi,strawberry,39,fruit,0.005011693952555964
strawberry,mango,82,fruit,0.05145339124624123
mango,strawberry,82,fruit,0.018519402415159182
strawberry,banana,69,fruit,0.05145339124624123
banana,strawberry,69,fruit,0.04696673189823875
strawberry,papaya,71,fruit,0.05145339124624123
papaya,strawberry,71,fruit,0.00219559925540547
strawberry,black_currant,62,fruit,0.05145339124624123
black_currant,strawberry,62,fruit,0.0005250346045534819
strawberry,concord_grape,87,fruit,0.05145339124624123
concord_grape,strawberry,87,fruit,0.0005727650231492531
strawberry,passion_fruit,76,fruit,0.05145339124624123
passion_fruit,strawberry,76,fruit,0.0009546083719154217
strawberry,nectarine,40,fruit,0.05145339124624123
nectarine,strawberry,40,fruit,0.0023865209297885544
strawberry,guava,83,fruit,0.05145339124624123
guava,strawberry,83,fruit,0.0006204954417450242
strawberry,muscat_grape,85,fruit,0.05145339124624123
muscat_grape,strawberry,85,fruit,4.773041859577109e-05
strawberry,juniper_berry,52,fruit,0.05145339124624123
juniper_berry,strawberry,52,fruit,0.0015751038136604459
strawberry,raspberry,89,fruit,0.05145339124624123
raspberry,strawberry,89,fruit,0.03742064817908453
cinnamon,ginger,23,spice,0.2674335353921054
ginger,cinnamon,23,spice,0.18213927736146246
cinnamon,guava,25,spice,0.2674335353921054
guava,cinnamon,25,fruit,0.0006204954417450242
cinnamon,anise,10,spice,0.2674335353921054
anise,cinnamon,10,spice,0.010643883346856953
cinnamon,nutmeg,20,spice,0.2674335353921054
nutmeg,cinnamon,20,spice,0.11989881151257697
cinnamon,star_anise,7,spice,0.2674335353921054
star_anise,cinnamon,7,spice,0.004343468092215169
cinnamon,fennel,10,spice,0.2674335353921054
fennel,cinnamon,10,herb,0.043291489666364376
cinnamon,tarragon,7,spice,0.2674335353921054
tarragon,cinnamon,7,herb,0.022719679251587035
ginger,nutmeg,22,spice,0.18213927736146246
nutmeg,ginger,22,spice,0.11989881151257697
ginger,rosemary,17,spice,0.18213927736146246
rosemary,ginger,17,herb,0.09021049114600735
ginger,marjoram,18,spice,0.18213927736146246
marjoram,ginger,18,herb,0.025201661018567134
ginger,mace,16,spice,0.18213927736146246
mace,ginger,16,spice,0.0054889981385136755
guava,nectarine,32,fruit,0.0006204954417450242
nectarine,guava,32,fruit,0.0023865209297885544
baked_potato,potato,97,vegetable,0.00042957376736193977
potato,baked_potato,97,vegetable,0.1692043339220085
shiitake,porcini,117,vegetable,0.024390243902439025
porcini,shiitake,117,vegetable,0.005059424371151735
shiitake,enokidake,117,vegetable,0.024390243902439025
enokidake,shiitake,117,vegetable,0.005059424371151735
shiitake,matsutake,118,vegetable,0.024390243902439025
matsutake,shiitake,118,vegetable,0.002672903441363181
shiitake,mushroom,117,vegetable,0.024390243902439025
mushroom,shiitake,117,vegetable,0.1583217984821727
porcini,mushroom,117,vegetable,0.005059424371151735
mushroom,porcini,117,vegetable,0.1583217984821727
porcini,enokidake,117,vegetable,0.005059424371151735
enokidake,porcini,117,vegetable,0.005059424371151735
porcini,matsutake,117,vegetable,0.005059424371151735
matsutake,porcini,117,vegetable,0.002672903441363181
enokidake,mushroom,117,vegetable,0.005059424371151735
mushroom,enokidake,117,vegetable,0.1583217984821727
enokidake,matsutake,117,vegetable,0.005059424371151735
matsutake,enokidake,117,vegetable,0.002672903441363181
matsutake,mushroom,117,vegetable,0.002672903441363181
mushroom,matsutake,117,vegetable,0.1583217984821727
vegetable,watercress,5,vegetable,0.07923249486898001
watercress,vegetable,5,vegetable,0.0063004152546417835
bartlett_pear,pear,49,fruit,0.001097799627702735
pear,bartlett_pear,49,fruit,0.02233783590282087
bitter_orange,orange,23,fruit,0.003961624743449001
orange,bitter_orange,23,fruit,0.08157128538017279
bitter_orange,lemon,25,fruit,0.003961624743449001
lemon,bitter_orange,25,fruit,0.14538685504271873
orange,lemon,69,fruit,0.08157128538017279
lemon,orange,69,fruit,0.14538685504271873
orange,citrus,51,fruit,0.08157128538017279
citrus,orange,51,fruit,0.007780058231110687
orange,tangerine,62,fruit,0.08157128538017279
tangerine,orange,62,fruit,0.0021001384182139276
orange,grapefruit,30,fruit,0.08157128538017279
grapefruit,orange,30,fruit,0.005584458975705218
orange,bergamot,9,fruit,0.08157128538017279
bergamot,orange,9,flower,0.00033411293017039764
orange,nutmeg,19,fruit,0.08157128538017279
nutmeg,orange,19,spice,0.11989881151257697
orange,basil,10,fruit,0.08157128538017279
basil,orange,10,herb,0.18037325187341893
orange,lemon_peel,8,fruit,0.08157128538017279
lemon_peel,orange,8,plant,0.034127249295976325
orange,mandarin,57,fruit,0.08157128538017279
mandarin,orange,57,fruit,0.013269056369624362
orange,citrus_peel,40,fruit,0.08157128538017279
citrus_peel,orange,40,plant,0.00019092167438308435
orange,orange_juice,54,fruit,0.08157128538017279
orange_juice,orange,54,fruit,0.08114171161281085
orange,orange_peel,14,fruit,0.08157128538017279
orange_peel,orange,14,plant,0.02730179943678106
orange,lime,56,fruit,0.08157128538017279
lime,orange,56,fruit,0.05169204333922009
lemon,lemongrass,13,fruit,0.14538685504271873
lemongrass,lemon,13,herb,0.006539067347620639
lemon,citrus,51,fruit,0.14538685504271873
citrus,lemon,51,fruit,0.007780058231110687
lemon,tangerine,55,fruit,0.14538685504271873
tangerine,lemon,55,fruit,0.0021001384182139276
lemon,bergamot,9,fruit,0.14538685504271873
bergamot,lemon,9,flower,0.00033411293017039764
lemon,lime,58,fruit,0.14538685504271873
lime,lemon,58,fruit,0.05169204333922009
lemon,mandarin,56,fruit,0.14538685504271873
mandarin,lemon,56,fruit,0.013269056369624362
lemon,citrus_peel,33,fruit,0.14538685504271873
citrus_peel,lemon,33,plant,0.00019092167438308435
sturgeon_caviar,caviar,21,fish/seafood,4.773041859577109e-05
caviar,sturgeon_caviar,21,fish/seafood,0.0012409908834900485
apple_brandy,cider,15,alcoholic beverage,0.0017660254880435303
cider,apple_brandy,15,alcoholic beverage,0.05345806882726362
red_bean,red_kidney_bean,86,vegetable,0.0015751038136604459
red_kidney_bean,red_bean,86,vegetable,0.0028160946971504943
red_bean,lima_bean,86,vegetable,0.0015751038136604459
lima_bean,red_bean,86,vegetable,0.0071118323707698924
red_bean,mung_bean,86,vegetable,0.0015751038136604459
mung_bean,red_bean,86,vegetable,0.0009068779533196506
red_bean,bean,86,vegetable,0.0015751038136604459
bean,red_bean,86,vegetable,0.09083098658775238
red_bean,kidney_bean,86,vegetable,0.0015751038136604459
kidney_bean,red_bean,86,vegetable,0.02109684501933082
red_bean,black_bean,86,vegetable,0.0015751038136604459
black_bean,red_bean,86,vegetable,0.022624218414395495
red_kidney_bean,mung_bean,86,vegetable,0.0028160946971504943
mung_bean,red_kidney_bean,86,vegetable,0.0009068779533196506
red_kidney_bean,bean,86,vegetable,0.0028160946971504943
bean,red_kidney_bean,86,vegetable,0.09083098658775238
red_kidney_bean,kidney_bean,86,vegetable,0.0028160946971504943
kidney_bean,red_kidney_bean,86,vegetable,0.02109684501933082
red_kidney_bean,lima_bean,90,vegetable,0.0028160946971504943
lima_bean,red_kidney_bean,90,vegetable,0.0071118323707698924
red_kidney_bean,black_bean,86,vegetable,0.0028160946971504943
black_bean,red_kidney_bean,86,vegetable,0.022624218414395495
lima_bean,mung_bean,86,vegetable,0.0071118323707698924
mung_bean,lima_bean,86,vegetable,0.0009068779533196506
lima_bean,bean,86,vegetable,0.0071118323707698924
bean,lima_bean,86,vegetable,0.09083098658775238
lima_bean,kidney_bean,87,vegetable,0.0071118323707698924
kidney_bean,lima_bean,87,vegetable,0.02109684501933082
lima_bean,black_bean,86,vegetable,0.0071118323707698924
black_bean,lima_bean,86,vegetable,0.022624218414395495
mung_bean,bean,86,vegetable,0.0009068779533196506
bean,mung_bean,86,vegetable,0.09083098658775238
mung_bean,kidney_bean,86,vegetable,0.0009068779533196506
kidney_bean,mung_bean,86,vegetable,0.02109684501933082
mung_bean,black_bean,86,vegetable,0.0009068779533196506
black_bean,mung_bean,86,vegetable,0.022624218414395495
bean,black_bean,86,vegetable,0.09083098658775238
black_bean,bean,86,vegetable,0.022624218414395495
bean,kidney_bean,86,vegetable,0.09083098658775238
kidney_bean,bean,86,vegetable,0.02109684501933082
kidney_bean,black_bean,86,vegetable,0.02109684501933082
black_bean,kidney_bean,86,vegetable,0.022624218414395495
blueberry,cranberry,58,fruit,0.022194644647033558
cranberry,blueberry,58,fruit,0.043721063433726316
blueberry,blackberry,57,fruit,0.022194644647033558
blackberry,blueberry,57,fruit,0.008066440742685314
blueberry,huckleberry,53,fruit,0.022194644647033558
huckleberry,blueberry,53,fruit,0.00047730418595771083
blueberry,black_currant,55,fruit,0.022194644647033558
black_currant,blueberry,55,fruit,0.0005250346045534819
blueberry,raspberry,55,fruit,0.022194644647033558
raspberry,blueberry,55,fruit,0.03742064817908453
blueberry,elderberry,54,fruit,0.022194644647033558
elderberry,blueberry,54,fruit,0.00023865209297885541
blueberry,berry,52,fruit,0.022194644647033558
berry,blueberry,52,fruit,0.008686936184430338
blueberry,black_raspberry,52,fruit,0.022194644647033558
black_raspberry,blueberry,52,fruit,0.0003818433487661687
blueberry,juniper_berry,52,fruit,0.022194644647033558
juniper_berry,blueberry,52,fruit,0.0015751038136604459
cranberry,berry,52,fruit,0.043721063433726316
berry,cranberry,52,fruit,0.008686936184430338
cranberry,elderberry,58,fruit,0.043721063433726316
elderberry,cranberry,58,fruit,0.00023865209297885541
cranberry,black_raspberry,52,fruit,0.043721063433726316
black_raspberry,cranberry,52,fruit,0.0003818433487661687
cranberry,huckleberry,53,fruit,0.043721063433726316
huckleberry,cranberry,53,fruit,0.00047730418595771083
cranberry,juniper_berry,54,fruit,0.043721063433726316
juniper_berry,cranberry,54,fruit,0.0015751038136604459
blackberry,berry,52,fruit,0.008066440742685314
berry,blackberry,52,fruit,0.008686936184430338
blackberry,black_raspberry,52,fruit,0.008066440742685314
black_raspberry,blackberry,52,fruit,0.0003818433487661687
blackberry,huckleberry,52,fruit,0.008066440742685314
huckleberry,blackberry,52,fruit,0.00047730418595771083
blackberry,raspberry,72,fruit,0.008066440742685314
raspberry,blackberry,72,fruit,0.03742064817908453
blackberry,black_currant,61,fruit,0.008066440742685314
black_currant,blackberry,61,fruit,0.0005250346045534819
blackberry,juniper_berry,53,fruit,0.008066440742685314
juniper_berry,blackberry,53,fruit,0.0015751038136604459
huckleberry,berry,52,fruit,0.00047730418595771083
berry,huckleberry,52,fruit,0.008686936184430338
huckleberry,black_raspberry,52,fruit,0.00047730418595771083
black_raspberry,huckleberry,52,fruit,0.0003818433487661687
huckleberry,elderberry,52,fruit,0.00047730418595771083
elderberry,huckleberry,52,fruit,0.00023865209297885541
huckleberry,juniper_berry,52,fruit,0.00047730418595771083
juniper_berry,huckleberry,52,fruit,0.0015751038136604459
huckleberry,raspberry,52,fruit,0.00047730418595771083
raspberry,huckleberry,52,fruit,0.03742064817908453
huckleberry,black_currant,52,fruit,0.00047730418595771083
black_currant,huckleberry,52,fruit,0.0005250346045534819
black_currant,berry,52,fruit,0.0005250346045534819
berry,black_currant,52,fruit,0.008686936184430338
black_currant,black_raspberry,52,fruit,0.0005250346045534819
black_raspberry,black_currant,52,fruit,0.0003818433487661687
black_currant,juniper_berry,52,fruit,0.0005250346045534819
juniper_berry,black_currant,52,fruit,0.0015751038136604459
raspberry,berry,52,fruit,0.03742064817908453
berry,raspberry,52,fruit,0.008686936184430338
raspberry,elderberry,58,fruit,0.03742064817908453
elderberry,raspberry,58,fruit,0.00023865209297885541
raspberry,black_raspberry,52,fruit,0.03742064817908453
black_raspberry,raspberry,52,fruit,0.0003818433487661687
raspberry,juniper_berry,52,fruit,0.03742064817908453
juniper_berry,raspberry,52,fruit,0.0015751038136604459
elderberry,berry,52,fruit,0.00023865209297885541
berry,elderberry,52,fruit,0.008686936184430338
elderberry,black_raspberry,52,fruit,0.00023865209297885541
black_raspberry,elderberry,52,fruit,0.0003818433487661687
elderberry,juniper_berry,52,fruit,0.00023865209297885541
juniper_berry,elderberry,52,fruit,0.0015751038136604459
carnation,jasmine,5,flower,0.00014319125578731326
jasmine,carnation,5,flower,0.00033411293017039764
carnation,geranium,5,flower,0.00014319125578731326
geranium,carnation,5,flower,4.773041859577109e-05
carnation,orange_flower,5,flower,0.00014319125578731326
orange_flower,carnation,5,flower,0.0008591475347238795
carnation,lavender,5,flower,0.00014319125578731326
lavender,carnation,5,flower,0.0029592859529378075
carnation,flower,5,flower,0.00014319125578731326
flower,carnation,5,flower,0.0014319125578731325
carnation,rose,5,flower,0.00014319125578731326
rose,carnation,5,flower,0.003007016371533579
carnation,gardenia,5,flower,0.00014319125578731326
gardenia,carnation,5,flower,0.00042957376736193977
jasmine,gardenia,6,flower,0.00033411293017039764
gardenia,jasmine,6,flower,0.00042957376736193977
jasmine,flower,5,flower,0.00033411293017039764
flower,jasmine,5,flower,0.0014319125578731325
jasmine,orange_flower,6,flower,0.00033411293017039764
orange_flower,jasmine,6,flower,0.0008591475347238795
geranium,gardenia,5,flower,4.773041859577109e-05
gardenia,geranium,5,flower,0.00042957376736193977
geranium,flower,5,flower,4.773041859577109e-05
flower,geranium,5,flower,0.0014319125578731325
orange_flower,gardenia,5,flower,0.0008591475347238795
gardenia,orange_flower,5,flower,0.00042957376736193977
orange_flower,flower,5,flower,0.0008591475347238795
flower,orange_flower,5,flower,0.0014319125578731325
lavender,gardenia,5,flower,0.0029592859529378075
gardenia,lavender,5,flower,0.00042957376736193977
lavender,flower,5,flower,0.0029592859529378075
flower,lavender,5,flower,0.0014319125578731325
flower,gardenia,5,flower,0.0014319125578731325
gardenia,flower,5,flower,0.00042957376736193977
flower,rose,5,flower,0.0014319125578731325
rose,flower,5,flower,0.003007016371533579
rose,gardenia,5,flower,0.003007016371533579
gardenia,rose,5,flower,0.00042957376736193977
cod,haddock,64,fish/seafood,0.00830509283566417
haddock,cod,64,fish/seafood,0.0014796429764689038
cod,catfish,64,fish/seafood,0.00830509283566417
catfish,cod,64,fish/seafood,0.003245668464512434
cod,mackerel,64,fish/seafood,0.00830509283566417
mackerel,cod,64,fish/seafood,0.0021001384182139276
cod,herring,65,fish/seafood,0.00830509283566417
herring,cod,65,fish/seafood,0.00047730418595771083
cod,smoked_fish,64,fish/seafood,0.00830509283566417
smoked_fish,cod,64,fish/seafood,0.00028638251157462653
cod,fish,64,fish/seafood,0.00830509283566417
fish,cod,64,fish/seafood,0.08968545654145386
cod,eel,64,fish/seafood,0.00830509283566417
eel,cod,64,fish/seafood,0.0009546083719154217
haddock,herring,64,fish/seafood,0.0014796429764689038
herring,haddock,64,fish/seafood,0.00047730418595771083
haddock,catfish,65,fish/seafood,0.0014796429764689038
catfish,haddock,65,fish/seafood,0.003245668464512434
haddock,eel,64,fish/seafood,0.0014796429764689038
eel,haddock,64,fish/seafood,0.0009546083719154217
haddock,smoked_fish,64,fish/seafood,0.0014796429764689038
smoked_fish,haddock,64,fish/seafood,0.00028638251157462653
haddock,mackerel,64,fish/seafood,0.0014796429764689038
mackerel,haddock,64,fish/seafood,0.0021001384182139276
haddock,fish,64,fish/seafood,0.0014796429764689038
fish,haddock,64,fish/seafood,0.08968545654145386
catfish,herring,64,fish/seafood,0.003245668464512434
herring,catfish,64,fish/seafood,0.00047730418595771083
catfish,fish,64,fish/seafood,0.003245668464512434
fish,catfish,64,fish/seafood,0.08968545654145386
catfish,mackerel,64,fish/seafood,0.003245668464512434
mackerel,catfish,64,fish/seafood,0.0021001384182139276
catfish,smoked_fish,64,fish/seafood,0.003245668464512434
smoked_fish,catfish,64,fish/seafood,0.00028638251157462653
catfish,eel,64,fish/seafood,0.003245668464512434
eel,catfish,64,fish/seafood,0.0009546083719154217
mackerel,herring,64,fish/seafood,0.0021001384182139276
herring,mackerel,64,fish/seafood,0.00047730418595771083
mackerel,eel,65,fish/seafood,0.0021001384182139276
eel,mackerel,65,fish/seafood,0.0009546083719154217
mackerel,smoked_fish,64,fish/seafood,0.0021001384182139276
smoked_fish,mackerel,64,fish/seafood,0.00028638251157462653
mackerel,fish,64,fish/seafood,0.0021001384182139276
fish,mackerel,64,fish/seafood,0.08968545654145386
herring,smoked_fish,64,fish/seafood,0.00047730418595771083
smoked_fish,herring,64,fish/seafood,0.00028638251157462653
herring,eel,64,fish/seafood,0.00047730418595771083
eel,herring,64,fish/seafood,0.0009546083719154217
herring,fish,64,fish/seafood,0.00047730418595771083
fish,herring,64,fish/seafood,0.08968545654145386
smoked_fish,eel,64,fish/seafood,0.00028638251157462653
eel,smoked_fish,64,fish/seafood,0.0009546083719154217
smoked_fish,fish,64,fish/seafood,0.00028638251157462653
fish,smoked_fish,64,fish/seafood,0.08968545654145386
fish,eel,64,fish/seafood,0.08968545654145386
eel,fish,64,fish/seafood,0.0009546083719154217
berry,black_raspberry,52,fruit,0.008686936184430338
black_raspberry,berry,52,fruit,0.0003818433487661687
berry,juniper_berry,52,fruit,0.008686936184430338
juniper_berry,berry,52,fruit,0.0015751038136604459
black_raspberry,juniper_berry,52,fruit,0.0003818433487661687
juniper_berry,black_raspberry,52,fruit,0.0015751038136604459
rye_bread,wheat_bread,62,cereal/crop,0.004343468092215169
wheat_bread,rye_bread,62,cereal/crop,0.003961624743449001
rye_bread,bread,51,cereal/crop,0.004343468092215169
bread,rye_bread,51,cereal/crop,0.21731659586654578
wheat_bread,bread,51,cereal/crop,0.003961624743449001
bread,wheat_bread,51,cereal/crop,0.21731659586654578
almond,roasted_almond,9,nut/seed/pulse,0.11073457114218892
roasted_almond,almond,9,nut/seed/pulse,0.00014319125578731326
melon,nectarine,31,fruit,0.007493675719536061
nectarine,melon,31,fruit,0.0023865209297885544
melon,durian,15,fruit,0.007493675719536061
durian,melon,15,fruit,4.773041859577109e-05
grape,concord_grape,125,fruit,0.016466994415541027
concord_grape,grape,125,fruit,0.0005727650231492531
grape,muscat_grape,125,fruit,0.016466994415541027
muscat_grape,grape,125,fruit,4.773041859577109e-05
concord_grape,muscat_grape,125,fruit,0.0005727650231492531
muscat_grape,concord_grape,125,fruit,4.773041859577109e-05
citrus,mandarin,51,fruit,0.007780058231110687
mandarin,citrus,51,fruit,0.013269056369624362
citrus,lime,51,fruit,0.007780058231110687
lime,citrus,51,fruit,0.05169204333922009
citrus,tangerine,51,fruit,0.007780058231110687
tangerine,citrus,51,fruit,0.0021001384182139276
mandarin,tangerine,53,fruit,0.013269056369624362
tangerine,mandarin,53,fruit,0.0021001384182139276
mandarin,lime,53,fruit,0.013269056369624362
lime,mandarin,53,fruit,0.05169204333922009
lime,tangerine,53,fruit,0.05169204333922009
tangerine,lime,53,fruit,0.0021001384182139276
tangerine,bergamot,8,fruit,0.0021001384182139276
bergamot,tangerine,8,flower,0.00033411293017039764
leaf,lovage,16,plant,0.00042957376736193977
lovage,leaf,16,herb,0.006777719440599495
bread,white_bread,51,cereal/crop,0.21731659586654578
white_bread,bread,51,cereal/crop,0.0176602548804353
brown_rice,rice,74,cereal/crop,0.016085151066774855
rice,brown_rice,74,cereal/crop,0.16204477113264285
chive,leek,11,vegetable,0.06276550045343898
leek,chive,11,vegetable,0.01961720204286192
leek,garlic,10,vegetable,0.01961720204286192
garlic,leek,10,vegetable,0.806309961338361
leek,shallot,11,vegetable,0.01961720204286192
shallot,leek,11,vegetable,0.05665600687318028
anise,clove,9,spice,0.010643883346856953
clove,anise,9,spice,0.00047730418595771083
anise,star_anise,7,spice,0.010643883346856953
star_anise,anise,7,spice,0.004343468092215169
seed,nutmeg,12,nut/seed/pulse,0.06267003961624744
nutmeg,seed,12,spice,0.11989881151257697
seed,black_sesame_seed,17,nut/seed/pulse,0.06267003961624744
black_sesame_seed,seed,17,nut/seed/pulse,0.0012409908834900485
seed,rapeseed,17,nut/seed/pulse,0.06267003961624744
rapeseed,seed,17,plant,0.00014319125578731326
nutmeg,black_sesame_seed,12,spice,0.11989881151257697
black_sesame_seed,nutmeg,12,nut/seed/pulse,0.0012409908834900485
nutmeg,rapeseed,12,spice,0.11989881151257697
rapeseed,nutmeg,12,plant,0.00014319125578731326
nutmeg,mace,17,spice,0.11989881151257697
mace,nutmeg,17,spice,0.0054889981385136755
black_sesame_seed,rapeseed,17,nut/seed/pulse,0.0012409908834900485
rapeseed,black_sesame_seed,17,plant,0.00014319125578731326
mango,nectarine,31,fruit,0.018519402415159182
nectarine,mango,31,fruit,0.0023865209297885544
rosemary,basil,10,herb,0.09021049114600735
basil,rosemary,10,herb,0.18037325187341893
coconut_oil,coconut,18,plant derivative,0.0008114171161281085
coconut,coconut_oil,18,nut/seed/pulse,0.08161901579876857
lemon_peel,lime_peel_oil,6,plant,0.034127249295976325
lime_peel_oil,lemon_peel,6,plant derivative,0.004773041859577109
star_anise,fennel,7,spice,0.004343468092215169
fennel,star_anise,7,herb,0.043291489666364376
mace,coriander,16,spice,0.0054889981385136755
coriander,mace,16,spice,0.07226385375399742
